pattern,seed,history_passes,window,host_gib,physical_gib,waf,host-write-pages,nand-write-pages,gc-write-pages,block-erases,erase_per_gib,runtime_seconds
sequential,42,1,1,4.1999969482421875,5.01654052734375,1.1944152791452165,1101004,1101004,214052,5136,1222.8580313967977,231.96389595419168
sequential,42,1,2,4.1999969482421875,4.1999969482421875,1.0,1101004,1101004,0,4304,1024.7626493636717,228.5459867026657
sequential,42,1,3,4.1999969482421875,4.1999969482421875,1.0,1101004,1101004,0,4304,1024.7626493636717,228.53714425768703
sequential,42,1,4,4.1999969482421875,4.1999969482421875,1.0,1101004,1101004,0,4304,1024.7626493636717,228.60628216713667
sequential,42,3,1,4.1999969482421875,5.841022491455078,1.3907206513327834,1101004,1101004,430185,5984,1424.762940007484,235.4142386764288
sequential,42,3,2,4.1999969482421875,4.1999969482421875,1.0,1101004,1101004,0,4304,1024.7626493636717,229.15528113767505
sequential,42,3,3,4.1999969482421875,4.1999969482421875,1.0,1101004,1101004,0,4304,1024.7626493636717,228.65595986694098
sequential,42,3,4,4.1999969482421875,4.1999969482421875,1.0,1101004,1101004,0,4304,1024.7626493636717,228.631824885495
random,42,1,1,4.1999969482421875,7.999683380126953,1.9046879030412243,1101004,1101004,996065,8192,1950.4776077107804,244.2221273900941
random,42,1,2,4.1999969482421875,7.984764099121094,1.9011356906968548,1101004,1101004,992154,8176,1946.6680811332203,244.12744786776602
random,42,1,3,4.1999969482421875,7.987003326416016,1.90166884044018,1101004,1101004,992741,8176,1946.6680811332203,244.07157017383724
random,42,1,4,4.1999969482421875,7.983280181884766,1.9007823768124366,1101004,1101004,991765,8176,1946.6680811332203,244.0178192742169
random,42,3,1,4.1999969482421875,8.013198852539062,1.9079058750013624,1101004,1101004,999608,8208,1954.2871342883404,244.51857200730592
random,42,3,2,4.1999969482421875,7.984737396240234,1.901129332863459,1101004,1101004,992147,8176,1946.6680811332203,244.36087983008474
random,42,3,3,4.1999969482421875,7.988006591796875,1.9019077133234756,1101004,1101004,993004,8176,1946.6680811332203,244.2612964855507
random,42,3,4,4.1999969482421875,7.984523773193359,1.9010784701962935,1101004,1101004,992091,8176,1946.6680811332203,244.23877461068332
