run_index,pattern,replicate,seed,window,cumulative_host_gib,host_gib,physical_gib,waf,host-write-pages,nand-write-pages,gc-write-pages,block-erases,erase_per_gib,runtime_seconds
1,sequential,1,42,1,4.1999969482421875,4.1999969482421875,5.01654052734375,1.1944152791452165,1101004,1101004,214052,5136,1222.8580313967977,231.96389595419168
1,sequential,1,42,2,8.399993896484375,4.1999969482421875,4.1999969482421875,1.0,1101004,1101004,0,4304,1024.7626493636717,228.5459867026657
1,sequential,1,42,3,12.599990844726562,4.1999969482421875,4.1999969482421875,1.0,1101004,1101004,0,4304,1024.7626493636717,228.53714425768703
1,sequential,1,42,4,16.79998779296875,4.1999969482421875,4.1999969482421875,1.0,1101004,1101004,0,4304,1024.7626493636717,228.60628216713667
1,sequential,1,42,5,20.999984741210938,4.1999969482421875,4.1999969482421875,1.0,1101004,1101004,0,4288,1020.9531227861116,228.6435088114813
1,sequential,1,42,6,25.199981689453125,4.1999969482421875,4.1999969482421875,1.0,1101004,1101004,0,4304,1024.7626493636717,228.57162087969482
2,random,1,42,1,4.1999969482421875,4.1999969482421875,7.999683380126953,1.9046879030412243,1101004,1101004,996065,8192,1950.4776077107804,244.2221273900941
2,random,1,42,2,8.399993896484375,4.1999969482421875,7.984764099121094,1.9011356906968548,1101004,1101004,992154,8176,1946.6680811332203,244.12744786776602
2,random,1,42,3,12.599990844726562,4.1999969482421875,7.987003326416016,1.90166884044018,1101004,1101004,992741,8176,1946.6680811332203,244.07157017383724
2,random,1,42,4,16.79998779296875,4.1999969482421875,7.983280181884766,1.9007823768124366,1101004,1101004,991765,8176,1946.6680811332203,244.0178192742169
2,random,1,42,5,20.999984741210938,4.1999969482421875,7.983867645263672,1.900922249147142,1101004,1101004,991919,8176,1946.6680811332203,244.07557870075107
2,random,1,42,6,25.199981689453125,4.1999969482421875,7.985790252685547,1.9013800131516325,1101004,1101004,992423,8176,1946.6680811332203,244.13795403949916
3,random,2,43,1,4.1999969482421875,4.1999969482421875,8.0008544921875,1.9049667394487213,1101004,1101004,996372,8192,1950.4776077107804,244.184676412493
3,random,2,43,2,8.399993896484375,4.1999969482421875,7.9854888916015625,1.9013082604604525,1101004,1101004,992344,8176,1946.6680811332203,244.1085073556751
3,random,2,43,3,12.599990844726562,4.1999969482421875,7.986309051513672,1.9015035367718918,1101004,1101004,992559,8176,1946.6680811332203,244.10841880179942
3,random,2,43,4,16.79998779296875,4.1999969482421875,7.982452392578125,1.90058528397717,1101004,1101004,991548,8176,1946.6680811332203,244.0987467430532
3,random,2,43,5,20.999984741210938,4.1999969482421875,7.986728668212891,1.9016034455823958,1101004,1101004,992669,8176,1946.6680811332203,244.12315284274518
3,random,2,43,6,25.199981689453125,4.1999969482421875,7.984123229980469,1.900983102695358,1101004,1101004,991986,8176,1946.6680811332203,244.13848334457725
4,sequential,2,43,1,4.1999969482421875,4.1999969482421875,5.01654052734375,1.1944152791452165,1101004,1101004,214052,5136,1222.8580313967977,232.03623878024518
4,sequential,2,43,2,8.399993896484375,4.1999969482421875,4.1999969482421875,1.0,1101004,1101004,0,4304,1024.7626493636717,228.66999924276024
4,sequential,2,43,3,12.599990844726562,4.1999969482421875,4.1999969482421875,1.0,1101004,1101004,0,4304,1024.7626493636717,228.59444710519165
4,sequential,2,43,4,16.79998779296875,4.1999969482421875,4.1999969482421875,1.0,1101004,1101004,0,4304,1024.7626493636717,228.5629949271679
4,sequential,2,43,5,20.999984741210938,4.1999969482421875,4.1999969482421875,1.0,1101004,1101004,0,4288,1020.9531227861116,228.5436020893976
4,sequential,2,43,6,25.199981689453125,4.1999969482421875,4.1999969482421875,1.0,1101004,1101004,0,4304,1024.7626493636717,228.56313799601048
5,sequential,3,44,1,4.1999969482421875,4.1999969482421875,5.01654052734375,1.1944152791452165,1101004,1101004,214052,5136,1222.8580313967977,231.95103826839477
5,sequential,3,44,2,8.399993896484375,4.1999969482421875,4.1999969482421875,1.0,1101004,1101004,0,4304,1024.7626493636717,228.65811793413013
5,sequential,3,44,3,12.599990844726562,4.1999969482421875,4.1999969482421875,1.0,1101004,1101004,0,4304,1024.7626493636717,228.66475304588675
5,sequential,3,44,4,16.79998779296875,4.1999969482421875,4.1999969482421875,1.0,1101004,1101004,0,4304,1024.7626493636717,228.56924278009683
5,sequential,3,44,5,20.999984741210938,4.1999969482421875,4.1999969482421875,1.0,1101004,1101004,0,4288,1020.9531227861116,228.55667215120047
5,sequential,3,44,6,25.199981689453125,4.1999969482421875,4.1999969482421875,1.0,1101004,1101004,0,4304,1024.7626493636717,228.5377942584455
6,random,3,44,1,4.1999969482421875,4.1999969482421875,8.001640319824219,1.9051538414029376,1101004,1101004,996578,8192,1950.4776077107804,244.76699677761644
6,random,3,44,2,8.399993896484375,4.1999969482421875,7.982707977294922,1.900646137525386,1101004,1101004,991615,8176,1946.6680811332203,244.2036572759971
6,random,3,44,3,12.599990844726562,4.1999969482421875,7.985111236572266,1.901218342530999,1101004,1101004,992245,8176,1946.6680811332203,244.13218748569489
6,random,3,44,4,16.79998779296875,4.1999969482421875,7.984794616699219,1.9011429567921643,1101004,1101004,992162,8176,1946.6680811332203,244.1298576183617
6,random,3,44,5,20.999984741210938,4.1999969482421875,7.982696533203125,1.900643412739645,1101004,1101004,991612,8176,1946.6680811332203,244.1466861255467
6,random,3,44,6,25.199981689453125,4.1999969482421875,7.9756927490234375,1.898975843866144,1101004,1101004,989776,8160,1942.85855455566,244.140891215764
